gap_bin,total,on_time,adherence_rate
<0,0,0,
0-6,106,106,1.0
7-29,310,306,0.9870967741935484
30-59,400,399,0.9975
60-89,378,369,0.9761904761904762
90+,640,595,0.9296875
